UniProt ID	UniProtKB Name	Protein names	Gene names	Length
P31946	1433B_HUMAN	14-3-3 protein beta/alpha (Protein 1054) (Protein kinase C inhibitor protein 1) (KCIP-1) [Cleaved into: 14-3-3 protein beta/alpha, N-terminally processed]	YWHAB	246
P62258	1433E_HUMAN	14-3-3 protein epsilon (14-3-3E)	YWHAE	255
P61981	1433G_HUMAN	14-3-3 protein gamma (Protein kinase C inhibitor protein 1) (KCIP-1) [Cleaved into: 14-3-3 protein gamma, N-terminally processed]	YWHAG	247
P63104	1433Z_HUMAN	14-3-3 protein zeta/delta (Protein kinase C inhibitor protein 1) (KCIP-1)	YWHAZ	245
P30153	2AAA_HUMAN	Serine/threonine-protein phosphatase 2A 65 kDa regulatory subunit A alpha isoform (Medium tumor antigen-associated 61 kDa protein) (PP2A subunit A isoform PR65-alpha) (PP2A subunit A isoform R1-alpha)	PPP2R1A	589
P11171	41_HUMAN	Protein 4.1 (P4.1) (4.1R) (Band 4.1) (EPB4.1)	EPB41 E41P	864
Q13541	4EBP1_HUMAN	Eukaryotic translation initiation factor 4E-binding protein 1 (4E-BP1) (eIF4E-binding protein 1) (Phosphorylated heat- and acid-stable protein regulated by insulin 1) (PHAS-I)	EIF4EBP1	118
Q9NYB9	ABI2_HUMAN	Abl interactor 2 (Abelson interactor 2) (Abi-2) (Abl-binding protein 3) (AblBP3) (Arg-binding protein 1) (ArgBP1)	ABI2 ARGBPIA	513
P00519	ABL1_HUMAN	Tyrosine-protein kinase ABL1 (EC 2.7.10.2) (Abelson murine leukemia viral oncogene homolog 1) (Abelson tyrosine-protein kinase 1) (Proto-oncogene c-Abl) (p150)	ABL1 ABL JTK7	1130
Q07912	ACK1_HUMAN	Activated CDC42 kinase 1 (ACK-1) (EC 2.7.10.2) (EC 2.7.11.1) (Tyrosine kinase non-receptor protein 2)	TNK2 ACK1	1038
P68133	ACTS_HUMAN	Actin, alpha skeletal muscle (Alpha-actin-1)	ACTA1 ACTA	377
Q08117	AES_HUMAN	Amino-terminal enhancer of split (Amino enhancer of split) (Gp130-associated protein GAM) (Grg-5) (Groucho-related protein 5) (Protein ESP1) (Protein GRG)	AES GRG GRG5	197
P31749	AKT1_HUMAN	RAC-alpha serine/threonine-protein kinase (EC 2.7.11.1) (Protein kinase B) (PKB) (Protein kinase B alpha) (PKB alpha) (Proto-oncogene c-Akt) (RAC-PK-alpha)	AKT1 PKB RAC	480
P04075	ALDOA_HUMAN	Fructose-bisphosphate aldolase A (EC 4.1.2.13) (Lung cancer antigen NY-LU-1) (Muscle-type aldolase)	ALDOA ALDA	364
P10275	ANDR_HUMAN	Androgen receptor (Dihydrotestosterone receptor) (Nuclear receptor subfamily 3 group C member 4)	AR DHTR NR3C4	919
Q01484	ANK2_HUMAN	Ankyrin-2 (ANK-2) (Ankyrin-B) (Brain ankyrin) (Non-erythroid ankyrin)	ANK2	3957
P63010	AP2B1_HUMAN	AP-2 complex subunit beta (AP105B) (Adaptor protein complex AP-2 subunit beta) (Adaptor-related protein complex 2 subunit beta) (Beta-2-adaptin) (Beta-adaptin) (Clathrin assembly protein complex 2 beta large chain) (Plasma membrane adaptor HA2/AP2 adaptin	AP2B1 ADTB2 CLAPB1	937
Q9ULZ1	APEL_HUMAN	Apelin (APJ endogenous ligand) [Cleaved into: Apelin-36; Apelin-31; Apelin-28; Apelin-13]	APLN APEL	77
P25098	ARBK1_HUMAN	Beta-adrenergic receptor kinase 1 (Beta-ARK-1) (EC 2.7.11.15) (G-protein coupled receptor kinase 2)	ADRBK1 BARK BARK1 GRK2	689
Q14155	ARHG7_HUMAN	Rho guanine nucleotide exchange factor 7 (Beta-Pix) (COOL-1) (PAK-interacting exchange factor beta) (p85)	ARHGEF7 COOL1 KIAA0142 P85SPR PAK3BP PIXB Nbla10314	803
P49703	ARL4D_HUMAN	ADP-ribosylation factor-like protein 4D (ADP-ribosylation factor-like protein 4L)	ARL4D ARF4L	201
P49407	ARRB1_HUMAN	Beta-arrestin-1 (Arrestin beta-1)	ARRB1 ARR1	418
Q13315	ATM_HUMAN	Serine-protein kinase ATM (EC 2.7.11.1) (Ataxia telangiectasia mutated) (A-T mutated)	ATM	3056
Q13535	ATR_HUMAN	Serine/threonine-protein kinase ATR (EC 2.7.11.1) (Ataxia telangiectasia and Rad3-related protein) (FRAP-related protein 1)	ATR FRP1	2644
P54253	ATX1_HUMAN	Ataxin-1 (Spinocerebellar ataxia type 1 protein)	ATXN1 ATX1 SCA1	815
P61769	B2MG_HUMAN	Beta-2-microglobulin [Cleaved into: Beta-2-microglobulin form pI 5.3]	B2M CDABP0092 HDCMA22P	119
O95999	BCL10_HUMAN	B-cell lymphoma/leukemia 10 (B-cell CLL/lymphoma 10) (Bcl-10) (CARD-containing molecule enhancing NF-kappa-B) (CARD-like apoptotic protein) (hCLAP) (CED-3/ICH-1 prodomain homologous E10-like regulator) (CIPER) (Cellular homolog of vCARMEN) (cCARMEN) (Cell	BCL10 CIPER CLAP	233
P10415	BCL2_HUMAN	Apoptosis regulator Bcl-2	BCL2	239
O60238	BNI3L_HUMAN	BCL2/adenovirus E1B 19 kDa protein-interacting protein 3-like (Adenovirus E1B19K-binding protein B5) (BCL2/adenovirus E1B 19 kDa protein-interacting protein 3A) (NIP3-like protein X) (NIP3L)	BNIP3L BNIP3A BNIP3H NIX	219
Q12983	BNIP3_HUMAN	BCL2/adenovirus E1B 19 kDa protein-interacting protein 3	BNIP3 NIP3	194
P38398	BRCA1_HUMAN	Breast cancer type 1 susceptibility protein (EC 6.3.2.-) (RING finger protein 53)	BRCA1 RNF53	1863
Q06187	BTK_HUMAN	Tyrosine-protein kinase BTK (EC 2.7.10.2) (Agammaglobulinemia tyrosine kinase) (ATK) (B-cell progenitor kinase) (BPK) (Bruton tyrosine kinase)	BTK AGMX1 ATK BPK	659
O60566	BUB1B_HUMAN	Mitotic checkpoint serine/threonine-protein kinase BUB1 beta (EC 2.7.11.1) (MAD3/BUB1-related protein kinase) (hBUBR1) (Mitotic checkpoint kinase MAD3L) (Protein SSK1)	BUB1B BUBR1 MAD3L SSK1	1050
O43683	BUB1_HUMAN	Mitotic checkpoint serine/threonine-protein kinase BUB1 (hBUB1) (EC 2.7.11.1) (BUB1A)	BUB1 BUB1L	1085
O43684	BUB3_HUMAN	Mitotic checkpoint protein BUB3	BUB3	328
O00555	CAC1A_HUMAN	Voltage-dependent P/Q-type calcium channel subunit alpha-1A (Brain calcium channel I) (BI) (Calcium channel, L type, alpha-1 polypeptide isoform 4) (Voltage-gated calcium channel subunit alpha Cav2.1)	CACNA1A CACH4 CACN3 CACNL1A4	2505
P12830	CADH1_HUMAN	Cadherin-1 (CAM 120/80) (Epithelial cadherin) (E-cadherin) (Uvomorulin) (CD antigen CD324) [Cleaved into: E-Cad/CTF1; E-Cad/CTF2; E-Cad/CTF3]	CDH1 CDHE UVO	882
P27797	CALR_HUMAN	Calreticulin (CRP55) (Calregulin) (Endoplasmic reticulum resident protein 60) (ERp60) (HACBP) (grp60)	CALR CRTC	417
P27824	CALX_HUMAN	Calnexin (IP90) (Major histocompatibility complex class I antigen-binding protein p88) (p90)	CANX	592
P42575	CASP2_HUMAN	Caspase-2 (CASP-2) (EC 3.4.22.55) (Neural precursor cell expressed developmentally down-regulated protein 2) (NEDD-2) (Protease ICH-1) [Cleaved into: Caspase-2 subunit p18; Caspase-2 subunit p13; Caspase-2 subunit p12]	CASP2 ICH1 NEDD2	452
P42574	CASP3_HUMAN	Caspase-3 (CASP-3) (EC 3.4.22.56) (Apopain) (Cysteine protease CPP32) (CPP-32) (Protein Yama) (SREBP cleavage activity 1) (SCA-1) [Cleaved into: Caspase-3 subunit p17; Caspase-3 subunit p12]	CASP3 CPP32	277
P55210	CASP7_HUMAN	Caspase-7 (CASP-7) (EC 3.4.22.60) (Apoptotic protease Mch-3) (CMH-1) (ICE-like apoptotic protease 3) (ICE-LAP3) [Cleaved into: Caspase-7 subunit p20; Caspase-7 subunit p11]	CASP7 MCH3	303
Q14790	CASP8_HUMAN	Caspase-8 (CASP-8) (EC 3.4.22.61) (Apoptotic cysteine protease) (Apoptotic protease Mch-5) (CAP4) (FADD-homologous ICE/ced-3-like protease) (FADD-like ICE) (FLICE) (ICE-like apoptotic protease 5) (MORT1-associated ced-3 homolog) (MACH) [Cleaved into: Casp	CASP8 MCH5	479
Q92851	CASPA_HUMAN	Caspase-10 (CASP-10) (EC 3.4.22.63) (Apoptotic protease Mch-4) (FAS-associated death domain protein interleukin-1B-converting enzyme 2) (FLICE2) (ICE-like apoptotic protease 4) [Cleaved into: Caspase-10 subunit p23/17; Caspase-10 subunit p12]	CASP10 MCH4	521
P22681	CBL_HUMAN	E3 ubiquitin-protein ligase CBL (EC 6.3.2.-) (Casitas B-lineage lymphoma proto-oncogene) (Proto-oncogene c-Cbl) (RING finger protein 55) (Signal transduction protein CBL)	CBL CBL2 RNF55	906
Q92793	CBP_HUMAN	CREB-binding protein (EC 2.3.1.48)	CREBBP CBP	2442
Q8N5R6	CCD33_HUMAN	Coiled-coil domain-containing protein 33 (Cancer/testis antigen 61) (CT61)	CCDC33	958
O95273	CCDB1_HUMAN	Cyclin-D1-binding protein 1 (Grap2 and cyclin-D-interacting protein) (Human homolog of Maid)	CCNDBP1 DIP1 GCIP HHM	360
Q8TD31	CCHCR_HUMAN	Coiled-coil alpha-helical rod protein 1 (Alpha-helical coiled-coil rod protein) (Putative gene 8 protein) (Pg8)	CCHCR1 C6orf18 HCR	782
Q16543	CDC37_HUMAN	Hsp90 co-chaperone Cdc37 (Hsp90 chaperone protein kinase-targeting subunit) (p50Cdc37) [Cleaved into: Hsp90 co-chaperone Cdc37, N-terminally processed]	CDC37 CDC37A	378
P60953	CDC42_HUMAN	Cell division control protein 42 homolog (G25K GTP-binding protein)	CDC42	191
Q00535	CDK5_HUMAN	Cyclin-dependent-like kinase 5 (EC 2.7.11.1) (Cell division protein kinase 5) (Serine/threonine-protein kinase PSSALRE) (Tau protein kinase II catalytic subunit) (TPKII catalytic subunit)	CDK5 CDKN5	292
P46527	CDN1B_HUMAN	Cyclin-dependent kinase inhibitor 1B (Cyclin-dependent kinase inhibitor p27) (p27Kip1)	CDKN1B KIP1	198
P13688	CEAM1_HUMAN	Carcinoembryonic antigen-related cell adhesion molecule 1 (Biliary glycoprotein 1) (BGP-1) (CD antigen CD66a)	CEACAM1 BGP BGP1	526
P40199	CEAM6_HUMAN	Carcinoembryonic antigen-related cell adhesion molecule 6 (Non-specific crossreacting antigen) (Normal cross-reacting antigen) (CD antigen CD66c)	CEACAM6 NCA	344
Q53EZ4	CEP55_HUMAN	Centrosomal protein of 55 kDa (Cep55) (Up-regulated in colon cancer 6)	CEP55 C10orf3 URCC6	464
Q7LBR1	CHM1B_HUMAN	Charged multivesicular body protein 1b (CHMP1.5) (Chromatin-modifying protein 1b) (CHMP1b) (Vacuolar protein sorting-associated protein 46-2) (Vps46-2) (hVps46-2)	CHMP1B C18orf2	199
Q9H444	CHM4B_HUMAN	Charged multivesicular body protein 4b (Chromatin-modifying protein 4b) (CHMP4b) (SNF7 homolog associated with Alix 1) (SNF7-2) (hSnf7-2) (Vacuolar protein sorting-associated protein 32-2) (Vps32-2) (hVps32-2)	CHMP4B C20orf178 SHAX1	224
Q96CF2	CHM4C_HUMAN	Charged multivesicular body protein 4c (Chromatin-modifying protein 4c) (CHMP4c) (SNF7 homolog associated with Alix 3) (SNF7-3) (hSnf7-3) (Vacuolar protein sorting-associated protein 32-3) (Vps32-3) (hVps32-3)	CHMP4C SHAX3	233
Q96FZ7	CHMP6_HUMAN	Charged multivesicular body protein 6 (Chromatin-modifying protein 6) (Vacuolar protein sorting-associated protein 20) (Vps20) (hVps20)	CHMP6 VPS20	201
Q96DZ9	CKLF5_HUMAN	CKLF-like MARVEL transmembrane domain-containing protein 5 (Chemokine-like factor superfamily member 5)	CMTM5 CKLFSF5	223
Q00610	CLH1_HUMAN	Clathrin heavy chain 1 (Clathrin heavy chain on chromosome 17) (CLH-17)	CLTC CLH17 CLTCL2 KIAA0034	1675
Q9C0A0	CNTP4_HUMAN	Contactin-associated protein-like 4 (Cell recognition molecule Caspr4)	CNTNAP4 CASPR4 KIAA1763	1308
P23528	COF1_HUMAN	Cofilin-1 (18 kDa phosphoprotein) (p18) (Cofilin, non-muscle isoform)	CFL1 CFL	166
O43889	CREB3_HUMAN	Cyclic AMP-responsive element-binding protein 3 (CREB-3) (cAMP-responsive element-binding protein 3) (Leucine zipper protein) (Luman) (Transcription factor LZIP-alpha) [Cleaved into: Processed cyclic AMP-responsive element-binding protein 3 (N-terminal Lu	CREB3 LZIP	395
P46108	CRK_HUMAN	Adapter molecule crk (Proto-oncogene c-Crk) (p38)	CRK	304
P68400	CSK21_HUMAN	Casein kinase II subunit alpha (CK II alpha) (EC 2.7.11.1)	CSNK2A1 CK2A1	391
Q92905	CSN5_HUMAN	COP9 signalosome complex subunit 5 (SGN5) (Signalosome subunit 5) (EC 3.4.-.-) (Jun activation domain-binding protein 1)	COPS5 CSN5 JAB1	334
P56545	CTBP2_HUMAN	C-terminal-binding protein 2 (CtBP2)	CTBP2	445
P35221	CTNA1_HUMAN	Catenin alpha-1 (Alpha E-catenin) (Cadherin-associated protein) (Renal carcinoma antigen NY-REN-13)	CTNNA1	906
P35222	CTNB1_HUMAN	Catenin beta-1 (Beta-catenin)	CTNNB1 CTNNB OK/SW-cl.35 PRO2286	781
P17302	CXA1_HUMAN	Gap junction alpha-1 protein (Connexin-43) (Cx43) (Gap junction 43 kDa heart protein)	GJA1 GJAL	382
P25024	CXCR1_HUMAN	C-X-C chemokine receptor type 1 (CXC-R1) (CXCR-1) (CDw128a) (High affinity interleukin-8 receptor A) (IL-8R A) (IL-8 receptor type 1) (CD antigen CD181)	CXCR1 CMKAR1 IL8RA	350
P25025	CXCR2_HUMAN	C-X-C chemokine receptor type 2 (CXC-R2) (CXCR-2) (CDw128b) (GRO/MGSA receptor) (High affinity interleukin-8 receptor B) (IL-8R B) (IL-8 receptor type 2) (CD antigen CD182)	CXCR2 IL8RB	360
P78352	DLG4_HUMAN	Disks large homolog 4 (Postsynaptic density protein 95) (PSD-95) (Synapse-associated protein 90) (SAP-90) (SAP90)	DLG4 PSD95	724
P11532	DMD_HUMAN	Dystrophin	DMD	3685
P27487	DPP4_HUMAN	Dipeptidyl peptidase 4 (EC 3.4.14.5) (ADABP) (Adenosine deaminase complexing protein 2) (ADCP-2) (Dipeptidyl peptidase IV) (DPP IV) (T-cell activation antigen CD26) (TP103) (CD antigen CD26) [Cleaved into: Dipeptidyl peptidase 4 membrane form (Dipeptidyl 	DPP4 ADCP2 CD26	766
Q96EV8	DTBP1_HUMAN	Dysbindin (Biogenesis of lysosome-related organelles complex 1 subunit 8) (BLOC-1 subunit 8) (Dysbindin-1) (Dystrobrevin-binding protein 1) (Hermansky-Pudlak syndrome 7 protein) (HPS7 protein)	DTNBP1 BLOC1S8 My031	351
Q9Y4J8	DTNA_HUMAN	Dystrobrevin alpha (DTN-A) (Alpha-dystrobrevin) (Dystrophin-related protein 3)	DTNA DRP3	743
O14640	DVL1_HUMAN	Segment polarity protein dishevelled homolog DVL-1 (Dishevelled-1) (DSH homolog 1)	DVL1	695
Q92838	EDA_HUMAN	Ectodysplasin-A (Ectodermal dysplasia protein) (EDA protein) [Cleaved into: Ectodysplasin-A, membrane form; Ectodysplasin-A, secreted form]	EDA ED1 EDA2	391
Q15075	EEA1_HUMAN	Early endosome antigen 1 (Endosome-associated protein p162) (Zinc finger FYVE domain-containing protein 2)	EEA1 ZFYVE2	1411
O75530	EED_HUMAN	Polycomb protein EED (hEED) (WD protein associating with integrin cytoplasmic tails 1) (WAIT-1)	EED	441
P68104	EF1A1_HUMAN	Elongation factor 1-alpha 1 (EF-1-alpha-1) (Elongation factor Tu) (EF-Tu) (Eukaryotic elongation factor 1 A-1) (eEF1A-1) (Leukocyte receptor cluster member 7)	EEF1A1 EEF1A EF1A LENG7	462
P00533	EGFR_HUMAN	Epidermal growth factor receptor (EC 2.7.10.1) (Proto-oncogene c-ErbB-1) (Receptor tyrosine-protein kinase erbB-1)	EGFR ERBB ERBB1 HER1	1210
Q15370	ELOB_HUMAN	Transcription elongation factor B polypeptide 2 (Elongin 18 kDa subunit) (Elongin-B) (EloB) (RNA polymerase II transcription factor SIII subunit B) (SIII p18)	TCEB2	118
Q15369	ELOC_HUMAN	Transcription elongation factor B polypeptide 1 (Elongin 15 kDa subunit) (Elongin-C) (EloC) (RNA polymerase II transcription factor SIII subunit C) (SIII p15)	TCEB1	112
Q09472	EP300_HUMAN	Histone acetyltransferase p300 (p300 HAT) (EC 2.3.1.48) (E1A-associated protein p300)	EP300 P300	2414
P42566	EPS15_HUMAN	Epidermal growth factor receptor substrate 15 (Protein Eps15) (Protein AF-1p)	EPS15 AF1P	896
P04626	ERBB2_HUMAN	Receptor tyrosine-protein kinase erbB-2 (EC 2.7.10.1) (Metastatic lymph node gene 19 protein) (MLN 19) (Proto-oncogene Neu) (Proto-oncogene c-ErbB-2) (Tyrosine kinase-type cell surface receptor HER2) (p185erbB2) (CD antigen CD340)	ERBB2 HER2 MLN19 NEU NGL	1255
P03372	ESR1_HUMAN	Estrogen receptor (ER) (ER-alpha) (Estradiol receptor) (Nuclear receptor subfamily 3 group A member 1)	ESR1 ESR NR3A1	595
Q01844	EWS_HUMAN	RNA-binding protein EWS (EWS oncogene) (Ewing sarcoma breakpoint region 1 protein)	EWSR1 EWS	656
Q9NPD3	EXOS4_HUMAN	Exosome complex component RRP41 (Exosome component 4) (Ribosomal RNA-processing protein 41) (p12A)	EXOSC4 RRP41 SKI6	245
P15311	EZRI_HUMAN	Ezrin (Cytovillin) (Villin-2) (p81)	EZR VIL2	586
Q8IZU0	FAM9B_HUMAN	Protein FAM9B	FAM9B	186
Q969F0	FATE1_HUMAN	Fetal and adult testis-expressed transcript protein (Cancer/testis antigen 43) (CT43) (Tumor antigen BJ-HCC-2)	FATE1 FATE	183
Q14192	FHL2_HUMAN	Four and a half LIM domains protein 2 (FHL-2) (LIM domain protein DRAL) (Skeletal muscle LIM-protein 3) (SLIM-3)	FHL2 DRAL SLIM3	279
P21333	FLNA_HUMAN	Filamin-A (FLN-A) (Actin-binding protein 280) (ABP-280) (Alpha-filamin) (Endothelial actin-binding protein) (Filamin-1) (Non-muscle filamin)	FLNA FLN FLN1	2647
P01100	FOS_HUMAN	Proto-oncogene c-Fos (Cellular oncogene fos) (G0/G1 switch regulatory protein 7)	FOS G0S7	380
P06241	FYN_HUMAN	Tyrosine-protein kinase Fyn (EC 2.7.10.2) (Proto-oncogene Syn) (Proto-oncogene c-Fyn) (Src-like kinase) (SLK) (p59-Fyn)	FYN	537
O95166	GBRAP_HUMAN	Gamma-aminobutyric acid receptor-associated protein (GABA(A) receptor-associated protein) (MM46)	GABARAP FLC3B HT004	117
O14908	GIPC1_HUMAN	PDZ domain-containing protein GIPC1 (GAIP C-terminus-interacting protein) (RGS-GAIP-interacting protein) (RGS19-interacting protein 1) (Synectin) (Tax interaction protein 2) (TIP-2)	GIPC1 C19orf3 GIPC RGS19IP1	333
Q9Y2X7	GIT1_HUMAN	ARF GTPase-activating protein GIT1 (ARF GAP GIT1) (Cool-associated and tyrosine-phosphorylated protein 1) (CAT-1) (CAT1) (G protein-coupled receptor kinase-interactor 1) (GRK-interacting protein 1)	GIT1	761
Q14161	GIT2_HUMAN	ARF GTPase-activating protein GIT2 (ARF GAP GIT2) (Cool-interacting tyrosine-phosphorylated protein 2) (CAT-2) (CAT2) (G protein-coupled receptor kinase-interactor 2) (GRK-interacting protein 2)	GIT2 KIAA0148	759
P63096	GNAI1_HUMAN	Guanine nucleotide-binding protein G(i) subunit alpha-1 (Adenylate cyclase-inhibiting G alpha protein)	GNAI1	354
P04899	GNAI2_HUMAN	Guanine nucleotide-binding protein G(i) subunit alpha-2 (Adenylate cyclase-inhibiting G alpha protein)	GNAI2 GNAI2B	355
P08754	GNAI3_HUMAN	Guanine nucleotide-binding protein G(k) subunit alpha (G(i) alpha-3)	GNAI3	354
P09471	GNAO_HUMAN	Guanine nucleotide-binding protein G(o) subunit alpha	GNAO1	354
P50148	GNAQ_HUMAN	Guanine nucleotide-binding protein G(q) subunit alpha (Guanine nucleotide-binding protein alpha-q)	GNAQ GAQ	359
Q5JWF2	GNAS1_HUMAN	Guanine nucleotide-binding protein G(s) subunit alpha isoforms XLas (Adenylate cyclase-stimulating G alpha protein) (Extra large alphas protein) (XLalphas)	GNAS GNAS1	1037
Q08379	GOGA2_HUMAN	Golgin subfamily A member 2 (130 kDa cis-Golgi matrix protein) (GM130) (GM130 autoantigen) (Golgin-95)	GOLGA2	1002
Q9HD26	GOPC_HUMAN	Golgi-associated PDZ and coiled-coil motif-containing protein (CFTR-associated ligand) (Fused in glioblastoma) (PDZ protein interacting specifically with TC10) (PIST)	GOPC CAL FIG	462
P62993	GRB2_HUMAN	Growth factor receptor-bound protein 2 (Adapter protein GRB2) (Protein Ash) (SH2/SH3 adapter GRB2)	GRB2 ASH	217
P49841	GSK3B_HUMAN	Glycogen synthase kinase-3 beta (GSK-3 beta) (EC 2.7.11.26) (Serine/threonine-protein kinase GSK3B) (EC 2.7.11.1)	GSK3B	420
P68431	H31_HUMAN	Histone H3.1 (Histone H3/a) (Histone H3/b) (Histone H3/c) (Histone H3/d) (Histone H3/f) (Histone H3/h) (Histone H3/i) (Histone H3/j) (Histone H3/k) (Histone H3/l)	HIST1H3A H3FA; HIST1H3B H3FL; HIST1H3C H3FC; HIST1H3D H3FB; HIST1H3E H3FD; HIST1H3F H3FI; HIST1H3G H3FH; HIST1H3H H3FK; HIST1H3I H3FF; HIST1H3J H3FJ	136
P62805	H4_HUMAN	Histone H4	HIST1H4A H4/A H4FA; HIST1H4B H4/I H4FI; HIST1H4C H4/G H4FG; HIST1H4D H4/B H4FB; HIST1H4E H4/J H4FJ; HIST1H4F H4/C H4FC; HIST1H4H H4/H H4FH; HIST1H4I H4/M H4FM; HIST1H4J H4/E H4FE; HIST1H4K H4/D H4FD; HIST1H4L H4/K H4FK; HIST2H4A H4/N H4F2 H4FN HIST2H4; HI	103
P54257	HAP1_HUMAN	Huntingtin-associated protein 1 (HAP-1) (Neuroan 1)	HAP1 HAP2 HLP1	671
Q13547	HDAC1_HUMAN	Histone deacetylase 1 (HD1) (EC 3.5.1.98)	HDAC1 RPD3L1	482
P56524	HDAC4_HUMAN	Histone deacetylase 4 (HD4) (EC 3.5.1.98)	HDAC4 KIAA0288	1084
P42858	HD_HUMAN	Huntingtin (Huntington disease protein) (HD protein)	HTT HD IT15	3142
Q14469	HES1_HUMAN	Transcription factor HES-1 (Class B basic helix-loop-helix protein 39) (bHLHb39) (Hairy and enhancer of split 1) (Hairy homolog) (Hairy-like protein) (hHL)	HES1 BHLHB39 HL HRY	280
O14964	HGS_HUMAN	Hepatocyte growth factor-regulated tyrosine kinase substrate (Hrs) (Protein pp110)	HGS HRS	777
Q86YV9	HPS6_HUMAN	Hermansky-Pudlak syndrome 6 protein (Ruby-eye protein homolog) (Ru)	HPS6	775
Q9UL19	HRSL4_HUMAN	Retinoic acid receptor responder protein 3 (EC 3.1.1.-) (HRAS-like suppressor 4) (HRSL4) (RAR-responsive protein TIG3) (Retinoid-inducible gene 1 protein) (Tazarotene-induced gene 3 protein)	RARRES3 RIG1 TIG3	164
P07900	HS90A_HUMAN	Heat shock protein HSP 90-alpha (Heat shock 86 kDa) (HSP 86) (HSP86) (Lipopolysaccharide-associated protein 2) (LAP-2) (LPS-associated protein 2) (Renal carcinoma antigen NY-REN-38)	HSP90AA1 HSP90A HSPC1 HSPCA	732
P08238	HS90B_HUMAN	Heat shock protein HSP 90-beta (HSP 90) (Heat shock 84 kDa) (HSP 84) (HSP84)	HSP90AB1 HSP90B HSPC2 HSPCB	724
Q9NRM6	I17RB_HUMAN	Interleukin-17 receptor B (IL-17 receptor B) (IL-17RB) (Cytokine receptor-like 4) (IL-17 receptor homolog 1) (IL-17Rh1) (IL17Rh1) (Interleukin-17B receptor) (IL-17B receptor)	IL17RB CRL4 EVI27 IL17BR UNQ2501/PRO19612	502
P25963	IKBA_HUMAN	NF-kappa-B inhibitor alpha (I-kappa-B-alpha) (IkB-alpha) (IkappaBalpha) (Major histocompatibility complex enhancer-binding protein MAD3)	NFKBIA IKBA MAD3 NFKBI	317
O15111	IKKA_HUMAN	Inhibitor of nuclear factor kappa-B kinase subunit alpha (I-kappa-B kinase alpha) (IKK-A) (IKK-alpha) (IkBKA) (IkappaB kinase) (EC 2.7.11.10) (Conserved helix-loop-helix ubiquitous kinase) (I-kappa-B kinase 1) (IKK1) (Nuclear factor NF-kappa-B inhibitor k	CHUK IKKA TCF16	745
Q14164	IKKE_HUMAN	Inhibitor of nuclear factor kappa-B kinase subunit epsilon (I-kappa-B kinase epsilon) (IKK-E) (IKK-epsilon) (IkBKE) (EC 2.7.11.10) (Inducible I kappa-B kinase) (IKK-i)	IKBKE IKKE IKKI KIAA0151	716
Q14005	IL16_HUMAN	Pro-interleukin-16 [Cleaved into: Interleukin-16 (IL-16) (Lymphocyte chemoattractant factor) (LCF)]	IL16	1332
P14784	IL2RB_HUMAN	Interleukin-2 receptor subunit beta (IL-2 receptor subunit beta) (IL-2R subunit beta) (IL-2RB) (High affinity IL-2 receptor subunit beta) (p70-75) (p75) (CD antigen CD122)	IL2RB	551
P31785	IL2RG_HUMAN	Cytokine receptor common subunit gamma (Interleukin-2 receptor subunit gamma) (IL-2 receptor subunit gamma) (IL-2R subunit gamma) (IL-2RG) (gammaC) (p64) (CD antigen CD132)	IL2RG	369
P10145	IL8_HUMAN	Interleukin-8 (IL-8) (C-X-C motif chemokine 8) (Chemokine (C-X-C motif) ligand 8) (Emoctakin) (Granulocyte chemotactic protein 1) (GCP-1) (Monocyte-derived neutrophil chemotactic factor) (MDNCF) (Monocyte-derived neutrophil-activating peptide) (MONAP) (Ne	CXCL8 IL8	99
Q13418	ILK_HUMAN	Integrin-linked protein kinase (EC 2.7.11.1) (59 kDa serine/threonine-protein kinase) (ILK-1) (ILK-2) (p59ILK)	ILK ILK1 ILK2	452
P52292	IMA1_HUMAN	Importin subunit alpha-1 (Karyopherin subunit alpha-2) (RAG cohort protein 1) (SRP1-alpha)	KPNA2 RCH1 SRP1	529
P52292	IMA1_HUMAN	Importin subunit alpha-1 (Karyopherin subunit alpha-2) (RAG cohort protein 1) (SRP1-alpha)	KPNA2 RCH1 SRP1	529
O00629	IMA3_HUMAN	Importin subunit alpha-3 (Importin alpha Q1) (Qip1) (Karyopherin subunit alpha-4)	KPNA4 QIP1	521
Q14974	IMB1_HUMAN	Importin subunit beta-1 (Importin-90) (Karyopherin subunit beta-1) (Nuclear factor p97) (Pore targeting complex 97 kDa subunit) (PTAC97)	KPNB1 NTF97	876
P06213	INSR_HUMAN	Insulin receptor (IR) (EC 2.7.10.1) (CD antigen CD220) [Cleaved into: Insulin receptor subunit alpha; Insulin receptor subunit beta]	INSR	1382
O94829	IPO13_HUMAN	Importin-13 (Imp13) (Karyopherin-13) (Kap13) (Ran-binding protein 13) (RanBP13)	IPO13 KIAA0724 RANBP13	963
P35568	IRS1_HUMAN	Insulin receptor substrate 1 (IRS-1)	IRS1	1242
P06756	ITAV_HUMAN	Integrin alpha-V (Vitronectin receptor subunit alpha) (CD antigen CD51) [Cleaved into: Integrin alpha-V heavy chain; Integrin alpha-V light chain]	ITGAV MSK8 VNRA	1048
P05556	ITB1_HUMAN	Integrin beta-1 (Fibronectin receptor subunit beta) (Glycoprotein IIa) (GPIIA) (VLA-4 subunit beta) (CD antigen CD29)	ITGB1 FNRB MDF2 MSK12	798
Q14643	ITPR1_HUMAN	Inositol 1,4,5-trisphosphate receptor type 1 (IP3 receptor isoform 1) (IP3R 1) (InsP3R1) (Type 1 inositol 1,4,5-trisphosphate receptor) (Type 1 InsP3 receptor)	ITPR1 INSP3R1	2758
Q15811	ITSN1_HUMAN	Intersectin-1 (SH3 domain-containing protein 1A) (SH3P17)	ITSN1 ITSN SH3D1A	1721
P23458	JAK1_HUMAN	Tyrosine-protein kinase JAK1 (EC 2.7.10.2) (Janus kinase 1) (JAK-1)	JAK1 JAK1A JAK1B	1154
O60674	JAK2_HUMAN	Tyrosine-protein kinase JAK2 (EC 2.7.10.2) (Janus kinase 2) (JAK-2)	JAK2	1132
P52333	JAK3_HUMAN	Tyrosine-protein kinase JAK3 (EC 2.7.10.2) (Janus kinase 3) (JAK-3) (Leukocyte janus kinase) (L-JAK)	JAK3	1124
P05412	JUN_HUMAN	Transcription factor AP-1 (Activator protein 1) (AP1) (Proto-oncogene c-Jun) (V-jun avian sarcoma virus 17 oncogene homolog) (p39)	JUN	331
P19012	K1C15_HUMAN	Keratin, type I cytoskeletal 15 (Cytokeratin-15) (CK-15) (Keratin-15) (K15)	KRT15 KRTB	456
P10644	KAP0_HUMAN	cAMP-dependent protein kinase type I-alpha regulatory subunit (Tissue-specific extinguisher 1) (TSE1) [Cleaved into: cAMP-dependent protein kinase type I-alpha regulatory subunit, N-terminally processed]	PRKAR1A PKR1 PRKAR1 TSE1	381
P17612	KAPCA_HUMAN	cAMP-dependent protein kinase catalytic subunit alpha (PKA C-alpha) (EC 2.7.11.11)	PRKACA PKACA	351
Q8N6L0	KASH5_HUMAN	Protein KASH5 (Coiled-coil domain-containing protein 155) (KASH domain-containing protein 5)	CCDC155 KASH5	562
Q92831	KAT2B_HUMAN	Histone acetyltransferase KAT2B (EC 2.3.1.48) (Histone acetyltransferase PCAF) (Histone acetylase PCAF) (Lysine acetyltransferase 2B) (P300/CBP-associated factor) (P/CAF)	KAT2B PCAF	832
Q92993	KAT5_HUMAN	Histone acetyltransferase KAT5 (EC 2.3.1.48) (60 kDa Tat-interactive protein) (Tip60) (Histone acetyltransferase HTATIP) (HIV-1 Tat interactive protein) (Lysine acetyltransferase 5) (cPLA(2)-interacting protein)	KAT5 HTATIP TIP60	513
Q12791	KCMA1_HUMAN	Calcium-activated potassium channel subunit alpha-1 (BK channel) (BKCA alpha) (Calcium-activated potassium channel, subfamily M subunit alpha-1) (K(VCA)alpha) (KCa1.1) (Maxi K channel) (MaxiK) (Slo-alpha) (Slo1) (Slowpoke homolog) (Slo homolog) (hSlo)	KCNMA1 KCNMA SLO	1236
Q7L273	KCTD9_HUMAN	BTB/POZ domain-containing protein KCTD9	KCTD9	389
Q14145	KEAP1_HUMAN	Kelch-like ECH-associated protein 1 (Cytosolic inhibitor of Nrf2) (INrf2) (Kelch-like protein 19)	KEAP1 INRF2 KIAA0132 KLHL19	624
Q07666	KHDR1_HUMAN	KH domain-containing, RNA-binding, signal transduction-associated protein 1 (GAP-associated tyrosine phosphoprotein p62) (Src-associated in mitosis 68 kDa protein) (Sam68) (p21 Ras GTPase-activating protein-associated p62) (p68)	KHDRBS1 SAM68	443
P43627	KI2L2_HUMAN	Killer cell immunoglobulin-like receptor 2DL2 (CD158 antigen-like family member B1) (MHC class I NK cell receptor) (Natural killer-associated transcript 6) (NKAT-6) (p58 natural killer cell receptor clone CL-43) (p58 NK receptor CL-43) (CD antigen CD158b1	KIR2DL2 CD158B1 NKAT6	348
Q12840	KIF5A_HUMAN	Kinesin heavy chain isoform 5A (Kinesin heavy chain neuron-specific 1) (Neuronal kinesin heavy chain) (NKHC)	KIF5A NKHC1	1032
Q9BVG8	KIFC3_HUMAN	Kinesin-like protein KIFC3	KIFC3	833
P33176	KINH_HUMAN	Kinesin-1 heavy chain (Conventional kinesin heavy chain) (Ubiquitous kinesin heavy chain) (UKHC)	KIF5B KNS KNS1	963
Q6P597	KLC3_HUMAN	Kinesin light chain 3 (KLC2-like) (kinesin light chain 2)	KLC3 KLC2 KLC2L	504
P17252	KPCA_HUMAN	Protein kinase C alpha type (PKC-A) (PKC-alpha) (EC 2.7.11.13)	PRKCA PKCA PRKACA	672
Q05655	KPCD_HUMAN	Protein kinase C delta type (EC 2.7.11.13) (Tyrosine-protein kinase PRKCD) (EC 2.7.10.2) (nPKC-delta) [Cleaved into: Protein kinase C delta type regulatory subunit; Protein kinase C delta type catalytic subunit (Sphingosine-dependent protein kinase-1) (SD	PRKCD	676
Q05513	KPCZ_HUMAN	Protein kinase C zeta type (EC 2.7.11.13) (nPKC-zeta)	PRKCZ PKC2	592
P60369	KR103_HUMAN	Keratin-associated protein 10-3 (High sulfur keratin-associated protein 10.3) (Keratin-associated protein 10.3) (Keratin-associated protein 18-3) (Keratin-associated protein 18.3)	KRTAP10-3 KAP10.3 KAP18-3 KRTAP10.3 KRTAP18-3 KRTAP18.3	221
P60409	KR107_HUMAN	Keratin-associated protein 10-7 (High sulfur keratin-associated protein 10.7) (Keratin-associated protein 10.7) (Keratin-associated protein 18-7) (Keratin-associated protein 18.7)	KRTAP10-7 KAP10.7 KAP18-7 KRTAP10.7 KRTAP18-7 KRTAP18.7	375
P60410	KR108_HUMAN	Keratin-associated protein 10-8 (High sulfur keratin-associated protein 10.8) (Keratin-associated protein 10.8) (Keratin-associated protein 18-8) (Keratin-associated protein 18.8)	KRTAP10-8 KAP10.8 KAP18-8 KRTAP10.8 KRTAP18-8 KRTAP18.8	259
P60411	KR109_HUMAN	Keratin-associated protein 10-9 (High sulfur keratin-associated protein 10.9) (Keratin-associated protein 10.9) (Keratin-associated protein 18-9) (Keratin-associated protein 18.9)	KRTAP10-9 KAP10.9 KAP18-9 KRTAP10.9 KRTAP18-9 KRTAP18.9	292
P26371	KRA59_HUMAN	Keratin-associated protein 5-9 (Keratin, cuticle, ultrahigh sulfur 1) (Keratin, ultra high-sulfur matrix protein A) (Keratin-associated protein 5.9) (UHS keratin A) (UHS KerA) (Ultrahigh sulfur keratin-associated protein 5.9)	KRTAP5-9 KAP5.9 KRN1 KRTAP5.9 UHSK1	169
O75582	KS6A5_HUMAN	Ribosomal protein S6 kinase alpha-5 (S6K-alpha-5) (EC 2.7.11.1) (90 kDa ribosomal protein S6 kinase 5) (Nuclear mitogen- and stress-activated protein kinase 1) (RSK-like protein kinase) (RSKL)	RPS6KA5 MSK1	802
P43405	KSYK_HUMAN	Tyrosine-protein kinase SYK (EC 2.7.10.2) (Spleen tyrosine kinase) (p72-Syk)	SYK	635
Q13571	LAPM5_HUMAN	Lysosomal-associated transmembrane protein 5 (Lysosomal-associated multitransmembrane protein 5) (Retinoic acid-inducible E3 protein)	LAPTM5 KIAA0085	262
P48357	LEPR_HUMAN	Leptin receptor (LEP-R) (HuB219) (OB receptor) (OB-R) (CD antigen CD295)	LEPR DB OBR	1165
P02545	LMNA_HUMAN	Prelamin-A/C [Cleaved into: Lamin-A/C (70 kDa lamin) (Renal carcinoma antigen NY-REN-32)]	LMNA LMN1	664
P42704	LPPRC_HUMAN	Leucine-rich PPR motif-containing protein, mitochondrial (130 kDa leucine-rich protein) (LRP 130) (GP130)	LRPPRC LRP130	1394
P07948	LYN_HUMAN	Tyrosine-protein kinase Lyn (EC 2.7.10.2) (Lck/Yes-related novel protein tyrosine kinase) (V-yes-1 Yamaguchi sarcoma viral related oncogene homolog) (p53Lyn) (p56Lyn)	LYN JTK8	512
Q99759	M3K3_HUMAN	Mitogen-activated protein kinase kinase kinase 3 (EC 2.7.11.25) (MAPK/ERK kinase kinase 3) (MEK kinase 3) (MEKK 3)	MAP3K3 MAPKKK3 MEKK3	626
Q9UPN3	MACF1_HUMAN	Microtubule-actin cross-linking factor 1, isoforms 1/2/3/5 (620 kDa actin-binding protein) (ABP620) (Actin cross-linking family protein 7) (Macrophin-1) (Trabeculin-alpha)	MACF1 ABP620 ACF7 KIAA0465 KIAA1251	7388
P43360	MAGA6_HUMAN	Melanoma-associated antigen 6 (Cancer/testis antigen 1.6) (CT1.6) (MAGE-6 antigen) (MAGE3B antigen)	MAGEA6 MAGE6	314
P02686	MBP_HUMAN	Myelin basic protein (MBP) (Myelin A1 protein) (Myelin membrane encephalitogenic protein)	MBP	304
Q00987	MDM2_HUMAN	E3 ubiquitin-protein ligase Mdm2 (EC 6.3.2.-) (Double minute 2 protein) (Hdm2) (Oncoprotein Mdm2) (p53-binding protein Mdm2)	MDM2	491
Q96KG7	MEG10_HUMAN	Multiple epidermal growth factor-like domains protein 10 (Multiple EGF-like domains protein 10)	MEGF10 KIAA1780	1140
P50222	MEOX2_HUMAN	Homeobox protein MOX-2 (Growth arrest-specific homeobox) (Mesenchyme homeobox 2)	MEOX2 GAX MOX2	304
P28482	MK01_HUMAN	Mitogen-activated protein kinase 1 (MAP kinase 1) (MAPK 1) (EC 2.7.11.24) (ERT1) (Extracellular signal-regulated kinase 2) (ERK-2) (MAP kinase isoform p42) (p42-MAPK) (Mitogen-activated protein kinase 2) (MAP kinase 2) (MAPK 2)	MAPK1 ERK2 PRKM1 PRKM2	360
P27361	MK03_HUMAN	Mitogen-activated protein kinase 3 (MAP kinase 3) (MAPK 3) (EC 2.7.11.24) (ERT2) (Extracellular signal-regulated kinase 1) (ERK-1) (Insulin-stimulated MAP2 kinase) (MAP kinase isoform p44) (p44-MAPK) (Microtubule-associated protein 2 kinase) (p44-ERK1)	MAPK3 ERK1 PRKM3	379
Q16659	MK06_HUMAN	Mitogen-activated protein kinase 6 (MAP kinase 6) (MAPK 6) (EC 2.7.11.24) (Extracellular signal-regulated kinase 3) (ERK-3) (MAP kinase isoform p97) (p97-MAPK)	MAPK6 ERK3 PRKM6	721
P45983	MK08_HUMAN	Mitogen-activated protein kinase 8 (MAP kinase 8) (MAPK 8) (EC 2.7.11.24) (JNK-46) (Stress-activated protein kinase 1c) (SAPK1c) (Stress-activated protein kinase JNK1) (c-Jun N-terminal kinase 1)	MAPK8 JNK1 PRKM8 SAPK1 SAPK1C	427
P45984	MK09_HUMAN	Mitogen-activated protein kinase 9 (MAP kinase 9) (MAPK 9) (EC 2.7.11.24) (JNK-55) (Stress-activated protein kinase 1a) (SAPK1a) (Stress-activated protein kinase JNK2) (c-Jun N-terminal kinase 2)	MAPK9 JNK2 PRKM9 SAPK1A	424
Q16539	MK14_HUMAN	Mitogen-activated protein kinase 14 (MAP kinase 14) (MAPK 14) (EC 2.7.11.24) (Cytokine suppressive anti-inflammatory drug-binding protein) (CSAID-binding protein) (CSBP) (MAP kinase MXI2) (MAX-interacting protein 2) (Mitogen-activated protein kinase p38 a	MAPK14 CSBP CSBP1 CSBP2 CSPB1 MXI2 SAPK2A	360
P40692	MLH1_HUMAN	DNA mismatch repair protein Mlh1 (MutL protein homolog 1)	MLH1 COCA2	756
Q9H492	MLP3A_HUMAN	Microtubule-associated proteins 1A/1B light chain 3A (Autophagy-related protein LC3 A) (Autophagy-related ubiquitin-like modifier LC3 A) (MAP1 light chain 3-like protein 1) (MAP1A/MAP1B light chain 3 A) (MAP1A/MAP1B LC3 A) (Microtubule-associated protein 	MAP1LC3A	121
Q9GZQ8	MLP3B_HUMAN	Microtubule-associated proteins 1A/1B light chain 3B (Autophagy-related protein LC3 B) (Autophagy-related ubiquitin-like modifier LC3 B) (MAP1 light chain 3-like protein 2) (MAP1A/MAP1B light chain 3 B) (MAP1A/MAP1B LC3 B) (Microtubule-associated protein 	MAP1LC3B MAP1ALC3	125
Q9NYL2	MLTK_HUMAN	Mitogen-activated protein kinase kinase kinase MLT (EC 2.7.11.25) (Human cervical cancer suppressor gene 4 protein) (HCCS-4) (Leucine zipper- and sterile alpha motif-containing kinase) (MLK-like mitogen-activated protein triple kinase) (Mixed lineage kina	ZAK MLTK HCCS4	800
P52564	MP2K6_HUMAN	Dual specificity mitogen-activated protein kinase kinase 6 (MAP kinase kinase 6) (MAPKK 6) (EC 2.7.12.2) (MAPK/ERK kinase 6) (MEK 6) (Stress-activated protein kinase kinase 3) (SAPK kinase 3) (SAPKK-3) (SAPKK3)	MAP2K6 MEK6 MKK6 PRKMK6 SKK3	334
O75970	MPDZ_HUMAN	Multiple PDZ domain protein (Multi-PDZ domain protein 1)	MPDZ MUPP1	2070
P42345	MTOR_HUMAN	Serine/threonine-protein kinase mTOR (EC 2.7.11.1) (FK506-binding protein 12-rapamycin complex-associated protein 1) (FKBP12-rapamycin complex-associated protein) (Mammalian target of rapamycin) (mTOR) (Mechanistic target of rapamycin) (Rapamycin and FKBP	MTOR FRAP FRAP1 FRAP2 RAFT1 RAPT1	2549
P55157	MTP_HUMAN	Microsomal triglyceride transfer protein large subunit	MTTP MTP	894
P01106	MYC_HUMAN	Myc proto-oncogene protein (Class E basic helix-loop-helix protein 39) (bHLHe39) (Proto-oncogene c-Myc) (Transcription factor p64)	MYC BHLHE39	439
Q8NEV4	MYO3A_HUMAN	Myosin-IIIa (EC 2.7.11.1)	MYO3A	1616
P19878	NCF2_HUMAN	Neutrophil cytosol factor 2 (NCF-2) (67 kDa neutrophil oxidase factor) (NADPH oxidase activator 2) (Neutrophil NADPH oxidase factor 2) (p67-phox)	NCF2 NOXA2 P67PHOX	526
P16333	NCK1_HUMAN	Cytoplasmic protein NCK1 (NCK adaptor protein 1) (Nck-1) (SH2/SH3 adaptor protein NCK-alpha)	NCK1 NCK	377
O43639	NCK2_HUMAN	Cytoplasmic protein NCK2 (Growth factor receptor-bound protein 4) (NCK adaptor protein 2) (Nck-2) (SH2/SH3 adaptor protein NCK-beta)	NCK2 GRB4	380
Q15788	NCOA1_HUMAN	Nuclear receptor coactivator 1 (NCoA-1) (EC 2.3.1.48) (Class E basic helix-loop-helix protein 74) (bHLHe74) (Protein Hin-2) (RIP160) (Renal carcinoma antigen NY-REN-52) (Steroid receptor coactivator 1) (SRC-1)	NCOA1 BHLHE74 SRC1	1441
Q15596	NCOA2_HUMAN	Nuclear receptor coactivator 2 (NCoA-2) (Class E basic helix-loop-helix protein 75) (bHLHe75) (Transcriptional intermediary factor 2) (hTIF2)	NCOA2 BHLHE75 SRC2 TIF2	1464
Q14686	NCOA6_HUMAN	Nuclear receptor coactivator 6 (Activating signal cointegrator 2) (ASC-2) (Amplified in breast cancer protein 3) (Cancer-amplified transcriptional coactivator ASC-2) (Nuclear receptor coactivator RAP250) (NRC RAP250) (Nuclear receptor-activating protein, 	NCOA6 AIB3 KIAA0181 RAP250 TRBP	2063
Q99608	NECD_HUMAN	Necdin	NDN	321
Q9Y6K9	NEMO_HUMAN	NF-kappa-B essential modulator (NEMO) (FIP-3) (IkB kinase-associated protein 1) (IKKAP1) (Inhibitor of nuclear factor kappa-B kinase subunit gamma) (I-kappa-B kinase subunit gamma) (IKK-gamma) (IKKG) (IkB kinase subunit gamma) (NF-kappa-B essential modifi	IKBKG FIP3 NEMO	419
P19838	NFKB1_HUMAN	Nuclear factor NF-kappa-B p105 subunit (DNA-binding factor KBF1) (EBP-1) (Nuclear factor of kappa light polypeptide gene enhancer in B-cells 1) [Cleaved into: Nuclear factor NF-kappa-B p50 subunit]	NFKB1	968
Q00653	NFKB2_HUMAN	Nuclear factor NF-kappa-B p100 subunit (DNA-binding factor KBF2) (H2TF1) (Lymphocyte translocation chromosome 10 protein) (Nuclear factor of kappa light polypeptide gene enhancer in B-cells 2) (Oncogene Lyt-10) (Lyt10) [Cleaved into: Nuclear factor NF-kap	NFKB2 LYT10	900
P01138	NGF_HUMAN	Beta-nerve growth factor (Beta-NGF)	NGF NGFB	241
Q15599	NHRF2_HUMAN	Na(+)/H(+) exchange regulatory cofactor NHE-RF2 (NHERF-2) (NHE3 kinase A regulatory protein E3KARP) (SRY-interacting protein 1) (SIP-1) (Sodium-hydrogen exchanger regulatory factor 2) (Solute carrier family 9 isoform A3 regulatory factor 2) (Tyrosine kina	SLC9A3R2 NHERF2	337
O15399	NMDE4_HUMAN	Glutamate receptor ionotropic, NMDA 2D (GluN2D) (EB11) (Glutamate [NMDA] receptor subunit epsilon-4) (N-methyl D-aspartate receptor subtype 2D) (NMDAR2D) (NR2D)	GRIN2D GluN2D NMDAR2D	1336
Q05586	NMDZ1_HUMAN	Glutamate receptor ionotropic, NMDA 1 (GluN1) (Glutamate [NMDA] receptor subunit zeta-1) (N-methyl-D-aspartate receptor subunit NR1) (NMD-R1)	GRIN1 NMDAR1	938
P01303	NPY_HUMAN	Pro-neuropeptide Y [Cleaved into: Neuropeptide Y (Neuropeptide tyrosine) (NPY); C-flanking peptide of NPY (CPON)]	NPY	97
P22736	NR4A1_HUMAN	Nuclear receptor subfamily 4 group A member 1 (Early response protein NAK1) (Nuclear hormone receptor NUR/77) (Nur77) (Orphan nuclear receptor HMR) (Orphan nuclear receptor TR3) (ST-59) (Testicular receptor 3)	NR4A1 GFRP1 HMR NAK1	598
Q92823	NRCAM_HUMAN	Neuronal cell adhesion molecule (Nr-CAM) (Neuronal surface protein Bravo) (hBravo) (NgCAM-related cell adhesion molecule) (Ng-CAM-related)	NRCAM KIAA0343	1304
Q7Z3S9	NT2NL_HUMAN	Notch homolog 2 N-terminal-like protein	NOTCH2NL N2N	236
Q02818	NUCB1_HUMAN	Nucleobindin-1 (CALNUC)	NUCB1 NUC	461
P37198	NUP62_HUMAN	Nuclear pore glycoprotein p62 (62 kDa nucleoporin) (Nucleoporin Nup62)	NUP62	522
P41143	OPRD_HUMAN	Delta-type opioid receptor (D-OR-1) (DOR-1)	OPRD1 OPRD	372
P41217	OX2G_HUMAN	OX-2 membrane glycoprotein (CD antigen CD200)	CD200 MOX1 MOX2 My033	278
P04637	P53_HUMAN	Cellular tumor antigen p53 (Antigen NY-CO-13) (Phosphoprotein p53) (Tumor suppressor p53)	TP53 P53	393
P27986	P85A_HUMAN	Phosphatidylinositol 3-kinase regulatory subunit alpha (PI3-kinase regulatory subunit alpha) (PI3K regulatory subunit alpha) (PtdIns-3-kinase regulatory subunit alpha) (Phosphatidylinositol 3-kinase 85 kDa regulatory subunit alpha) (PI3-kinase subunit p85	PIK3R1 GRB1	724
Q13153	PAK1_HUMAN	Serine/threonine-protein kinase PAK 1 (EC 2.7.11.1) (Alpha-PAK) (p21-activated kinase 1) (PAK-1) (p65-PAK)	PAK1	545
Q13177	PAK2_HUMAN	Serine/threonine-protein kinase PAK 2 (EC 2.7.11.1) (Gamma-PAK) (PAK65) (S6/H4 kinase) (p21-activated kinase 2) (PAK-2) (p58) [Cleaved into: PAK-2p27 (p27); PAK-2p34 (p34) (C-t-PAK2)]	PAK2	524
Q9UGN5	PARP2_HUMAN	Poly [ADP-ribose] polymerase 2 (PARP-2) (hPARP-2) (EC 2.4.2.30) (ADP-ribosyltransferase diphtheria toxin-like 2) (ARTD2) (NAD(+) ADP-ribosyltransferase 2) (ADPRT-2) (Poly[ADP-ribose] synthase 2) (pADPRT-2)	PARP2 ADPRT2 ADPRTL2	583
P12004	PCNA_HUMAN	Proliferating cell nuclear antigen (PCNA) (Cyclin)	PCNA	261
Q8WUM4	PDC6I_HUMAN	Programmed cell death 6-interacting protein (PDCD6-interacting protein) (ALG-2-interacting protein 1) (ALG-2-interacting protein X) (Hp95)	PDCD6IP AIP1 ALIX KIAA1375	868
O43924	PDE6D_HUMAN	Retinal rod rhodopsin-sensitive cGMP 3',5'-cyclic phosphodiesterase subunit delta (GMP-PDE delta) (Protein p17)	PDE6D PDED	150
O15530	PDPK1_HUMAN	3-phosphoinositide-dependent protein kinase 1 (hPDK1) (EC 2.7.11.1)	PDPK1 PDK1	556
P50542	PEX5_HUMAN	Peroxisomal targeting signal 1 receptor (PTS1 receptor) (PTS1R) (PTS1-BP) (Peroxin-5) (Peroxisomal C-terminal targeting signal import receptor) (Peroxisome receptor 1)	PEX5 PXR1	639
P61457	PHS_HUMAN	Pterin-4-alpha-carbinolamine dehydratase (PHS) (EC 4.2.1.96) (4-alpha-hydroxy-tetrahydropterin dehydratase) (Dimerization cofactor of hepatocyte nuclear factor 1-alpha) (DCoH) (Dimerization cofactor of HNF1) (Phenylalanine hydroxylase-stimulating protein)	PCBD1 DCOH PCBD	104
Q99570	PI3R4_HUMAN	Phosphoinositide 3-kinase regulatory subunit 4 (PI3-kinase regulatory subunit 4) (EC 2.7.11.1) (PI3-kinase p150 subunit) (Phosphoinositide 3-kinase adaptor protein)	PIK3R4 VPS15	1358
Q8WYR1	PI3R5_HUMAN	Phosphoinositide 3-kinase regulatory subunit 5 (PI3-kinase regulatory subunit 5) (PI3-kinase p101 subunit) (Phosphatidylinositol 4,5-bisphosphate 3-kinase regulatory subunit) (PtdIns-3-kinase regulatory subunit) (Protein FOAP-2) (PtdIns-3-kinase p101) (p1	PIK3R5	880
O75925	PIAS1_HUMAN	E3 SUMO-protein ligase PIAS1 (EC 6.3.2.-) (DEAD/H box-binding protein 1) (Gu-binding protein) (GBP) (Protein inhibitor of activated STAT protein 1) (RNA helicase II-binding protein)	PIAS1 DDXBP1	651
O75928	PIAS2_HUMAN	E3 SUMO-protein ligase PIAS2 (EC 6.3.2.-) (Androgen receptor-interacting protein 3) (ARIP3) (DAB2-interacting protein) (DIP) (Msx-interacting zinc finger protein) (Miz1) (PIAS-NY protein) (Protein inhibitor of activated STAT x) (Protein inhibitor of activ	PIAS2 PIASX	621
Q99569	PKP4_HUMAN	Plakophilin-4 (p0071)	PKP4	1192
P14923	PLAK_HUMAN	Junction plakoglobin (Catenin gamma) (Desmoplakin III) (Desmoplakin-3)	JUP CTNNG DP3	745
P19174	PLCG1_HUMAN	1-phosphatidylinositol 4,5-bisphosphate phosphodiesterase gamma-1 (EC 3.1.4.11) (PLC-148) (Phosphoinositide phospholipase C-gamma-1) (Phospholipase C-II) (PLC-II) (Phospholipase C-gamma-1) (PLC-gamma-1)	PLCG1 PLC1	1290
O15162	PLS1_HUMAN	Phospholipid scramblase 1 (PL scramblase 1) (Ca(2+)-dependent phospholipid scramblase 1) (Erythrocyte phospholipid scramblase) (MmTRA1b)	PLSCR1	318
P29590	PML_HUMAN	Protein PML (Promyelocytic leukemia protein) (RING finger protein 71) (Tripartite motif-containing protein 19)	PML MYL PP8675 RNF71 TRIM19	882
Q96I34	PP16A_HUMAN	Protein phosphatase 1 regulatory subunit 16A (Myosin phosphatase-targeting subunit 3)	PPP1R16A MYPT3	528
P62136	PP1A_HUMAN	Serine/threonine-protein phosphatase PP1-alpha catalytic subunit (PP-1A) (EC 3.1.3.16)	PPP1CA PPP1A	330
P67775	PP2AA_HUMAN	Serine/threonine-protein phosphatase 2A catalytic subunit alpha isoform (PP2A-alpha) (EC 3.1.3.16) (Replication protein C) (RP-C)	PPP2CA	309
P60510	PP4C_HUMAN	Serine/threonine-protein phosphatase 4 catalytic subunit (PP4C) (Pp4) (EC 3.1.3.16) (Protein phosphatase X) (PP-X)	PPP4C PPP4 PPX	307
Q07869	PPARA_HUMAN	Peroxisome proliferator-activated receptor alpha (PPAR-alpha) (Nuclear receptor subfamily 1 group C member 1)	PPARA NR1C1 PPAR	468
P37231	PPARG_HUMAN	Peroxisome proliferator-activated receptor gamma (PPAR-gamma) (Nuclear receptor subfamily 1 group C member 3)	PPARG NR1C3	505
O43586	PPIP1_HUMAN	Proline-serine-threonine phosphatase-interacting protein 1 (PEST phosphatase-interacting protein 1) (CD2-binding protein 1) (H-PIP)	PSTPIP1 CD2BP1	416
O75400	PR40A_HUMAN	Pre-mRNA-processing factor 40 homolog A (Fas ligand-associated factor 1) (Formin-binding protein 11) (Formin-binding protein 3) (Huntingtin yeast partner A) (Huntingtin-interacting protein 10) (HIP-10) (Huntingtin-interacting protein A) (Renal carcinoma a	PRPF40A FBP11 FLAF1 FNBP3 HIP10 HYPA HSPC225	957
Q9UI14	PRAF1_HUMAN	Prenylated Rab acceptor protein 1 (PRA1 family protein 1)	RABAC1 PRA1 PRAF1	185
Q9NRG1	PRDC1_HUMAN	Phosphoribosyltransferase domain-containing protein 1	PRTFDC1 HHGP	225
P04156	PRIO_HUMAN	Major prion protein (PrP) (ASCR) (PrP27-30) (PrP33-35C) (CD antigen CD230)	PRNP ALTPRP PRIP PRP	253
P25788	PSA3_HUMAN	Proteasome subunit alpha type-3 (EC 3.4.25.1) (Macropain subunit C8) (Multicatalytic endopeptidase complex subunit C8) (Proteasome component C8)	PSMA3 HC8 PSC8	255
Q06124	PTN11_HUMAN	Tyrosine-protein phosphatase non-receptor type 11 (EC 3.1.3.48) (Protein-tyrosine phosphatase 1D) (PTP-1D) (Protein-tyrosine phosphatase 2C) (PTP-2C) (SH-PTP2) (SHP-2) (Shp2) (SH-PTP3)	PTPN11 PTP2C SHPTP2	597
P29350	PTN6_HUMAN	Tyrosine-protein phosphatase non-receptor type 6 (EC 3.1.3.48) (Hematopoietic cell protein-tyrosine phosphatase) (Protein-tyrosine phosphatase 1C) (PTP-1C) (Protein-tyrosine phosphatase SHP-1) (SH-PTP1)	PTPN6 HCP PTP1C	595
P21246	PTN_HUMAN	Pleiotrophin (PTN) (Heparin-binding brain mitogen) (HBBM) (Heparin-binding growth factor 8) (HBGF-8) (Heparin-binding growth-associated molecule) (HB-GAM) (Heparin-binding neurite outgrowth-promoting factor 1) (HBNF-1) (Osteoblast-specific factor 1) (OSF-	PTN HBNF1 NEGF1	168
Q03393	PTPS_HUMAN	6-pyruvoyl tetrahydrobiopterin synthase (PTP synthase) (PTPS) (EC 4.2.3.12)	PTS	145
P62820	RAB1A_HUMAN	Ras-related protein Rab-1A (YPT1-related protein)	RAB1A RAB1	205
Q9H0U4	RAB1B_HUMAN	Ras-related protein Rab-1B	RAB1B	201
P20338	RAB4A_HUMAN	Ras-related protein Rab-4A	RAB4A RAB4	218
P20340	RAB6A_HUMAN	Ras-related protein Rab-6A (Rab-6)	RAB6A RAB6	208
P51149	RAB7A_HUMAN	Ras-related protein Rab-7a	RAB7A RAB7	207
Q15276	RABE1_HUMAN	Rab GTPase-binding effector protein 1 (Rabaptin-4) (Rabaptin-5) (Rabaptin-5alpha) (Renal carcinoma antigen NY-REN-17)	RABEP1 RAB5EP RABPT5 RABPT5A	862
Q9UJ41	RABX5_HUMAN	Rab5 GDP/GTP exchange factor (RAP1) (Rabaptin-5-associated exchange factor for Rab5) (Rabex-5)	RABGEF1 RABEX5	708
P63000	RAC1_HUMAN	Ras-related C3 botulinum toxin substrate 1 (Cell migration-inducing gene 5 protein) (Ras-like protein TC25) (p21-Rac1)	RAC1 TC25 MIG5	192
P04049	RAF1_HUMAN	RAF proto-oncogene serine/threonine-protein kinase (EC 2.7.11.1) (Proto-oncogene c-RAF) (cRaf) (Raf-1)	RAF1 RAF	648
Q96S59	RANB9_HUMAN	Ran-binding protein 9 (RanBP9) (BPM-L) (BPM90) (Ran-binding protein M) (RanBPM) (RanBP7)	RANBP9 RANBPM	729
P62826	RAN_HUMAN	GTP-binding nuclear protein Ran (Androgen receptor-associated protein 24) (GTPase Ran) (Ras-like protein TC4) (Ras-related nuclear protein)	RAN ARA24 OK/SW-cl.81	216
P10114	RAP2A_HUMAN	Ras-related protein Rap-2a (RbBP-30)	RAP2A	183
P01116	RASK_HUMAN	GTPase KRas (K-Ras 2) (Ki-Ras) (c-K-ras) (c-Ki-ras) [Cleaved into: GTPase KRas, N-terminally processed]	KRAS KRAS2 RASK2	189
Q6VN20	RBP10_HUMAN	Ran-binding protein 10 (RanBP10)	RANBP10 KIAA1464	620
P49792	RBP2_HUMAN	E3 SUMO-protein ligase RanBP2 (EC 6.3.2.-) (358 kDa nucleoporin) (Nuclear pore complex protein Nup358) (Nucleoporin Nup358) (Ran-binding protein 2) (RanBP2) (p270)	RANBP2 NUP358	3224
Q93062	RBPMS_HUMAN	RNA-binding protein with multiple splicing (RBP-MS) (Heart and RRM expressed sequence) (Hermes)	RBPMS HERMES	196
P62877	RBX1_HUMAN	E3 ubiquitin-protein ligase RBX1 (EC 6.3.2.-) (Protein ZYP) (RING finger protein 75) (RING-box protein 1) (Rbx1) (Regulator of cullins 1) [Cleaved into: E3 ubiquitin-protein ligase RBX1, N-terminally processed]	RBX1 RNF75 ROC1	108
Q04864	REL_HUMAN	Proto-oncogene c-Rel	REL	619
O75628	REM1_HUMAN	GTP-binding protein REM 1 (GTPase-regulating endothelial cell sprouting) (Rad and Gem-like GTP-binding protein 1)	REM1 GES REM	298
Q8NFH8	REPS2_HUMAN	RalBP1-associated Eps domain-containing protein 2 (Partner of RalBP1) (RalBP1-interacting protein 2)	REPS2 POB1	660
Q9H0H5	RGAP1_HUMAN	Rac GTPase-activating protein 1 (Male germ cell RacGap) (MgcRacGAP) (Protein CYK4 homolog) (CYK4) (HsCYK-4)	RACGAP1 KIAA1478 MGCRACGAP	632
O15492	RGS16_HUMAN	Regulator of G-protein signaling 16 (RGS16) (A28-RGS14P) (Retinal-specific RGS) (RGS-r) (hRGS-r) (Retinally abundant regulator of G-protein signaling)	RGS16 RGSR	202
P61586	RHOA_HUMAN	Transforming protein RhoA (Rho cDNA clone 12) (h12)	RHOA ARH12 ARHA RHO12	193
P62745	RHOB_HUMAN	Rho-related GTP-binding protein RhoB (Rho cDNA clone 6) (h6)	RHOB ARH6 ARHB	196
Q9NPQ8	RIC8A_HUMAN	Synembryn-A (Protein Ric-8A)	RIC8A	531
Q5UIP0	RIF1_HUMAN	Telomere-associated protein RIF1 (Rap1-interacting factor 1 homolog)	RIF1	2472
Q13546	RIPK1_HUMAN	Receptor-interacting serine/threonine-protein kinase 1 (EC 2.7.11.1) (Cell death protein RIP) (Receptor-interacting protein 1) (RIP-1) (Serine/threonine-protein kinase RIP)	RIPK1 RIP RIP1	671
Q99578	RIT2_HUMAN	GTP-binding protein Rit2 (Ras-like protein expressed in neurons) (Ras-like without CAAX protein 2)	RIT2 RIN ROC2	217
Q9Y3C5	RNF11_HUMAN	RING finger protein 11	RNF11 CGI-123	154
Q99942	RNF5_HUMAN	E3 ubiquitin-protein ligase RNF5 (EC 6.3.2.-) (Protein G16) (RING finger protein 5) (Ram1 homolog) (HsRma1)	RNF5 G16 NG2 RMA1	180
Q15287	RNPS1_HUMAN	RNA-binding protein with serine-rich domain 1 (SR-related protein LDC2)	RNPS1 LDC2	305
Q9HCK4	ROBO2_HUMAN	Roundabout homolog 2	ROBO2 KIAA1568	1378
Q01974	ROR2_HUMAN	Tyrosine-protein kinase transmembrane receptor ROR2 (EC 2.7.10.1) (Neurotrophic tyrosine kinase, receptor-related 2)	ROR2 NTRKR2	943
P78346	RPP30_HUMAN	Ribonuclease P protein subunit p30 (RNaseP protein p30) (EC 3.1.26.5) (RNase P subunit 2)	RPP30 RNASEP2	268
P78345	RPP38_HUMAN	Ribonuclease P protein subunit p38 (RNaseP protein p38) (EC 3.1.26.5)	RPP38	283
O75818	RPP40_HUMAN	Ribonuclease P protein subunit p40 (RNaseP protein p40) (EC 3.1.26.5) (RNase P subunit 1)	RPP40 RNASEP1	363
P14678	RSMB_HUMAN	Small nuclear ribonucleoprotein-associated proteins B and B' (snRNP-B) (Sm protein B/B') (Sm-B/B') (SmB/B')	SNRPB COD SNRPB1	240
P08621	RU17_HUMAN	U1 small nuclear ribonucleoprotein 70 kDa (U1 snRNP 70 kDa) (U1-70K) (snRNP70)	SNRNP70 RNPU1Z RPU1 SNRP70 U1AP1	437
P19793	RXRA_HUMAN	Retinoic acid receptor RXR-alpha (Nuclear receptor subfamily 2 group B member 1) (Retinoid X receptor alpha)	RXRA NR2B1	462
P07602	SAP_HUMAN	Prosaposin (Proactivator polypeptide) [Cleaved into: Saposin-A (Protein A); Saposin-B-Val; Saposin-B (Cerebroside sulfate activator) (CSAct) (Dispersin) (Sphingolipid activator protein 1) (SAP-1) (Sulfatide/GM1 activator); Saposin-C (A1 activator) (Co-bet	PSAP GLBA SAP1	524
O75396	SC22B_HUMAN	Vesicle-trafficking protein SEC22b (ER-Golgi SNARE of 24 kDa) (ERS-24) (ERS24) (SEC22 vesicle-trafficking protein homolog B) (SEC22 vesicle-trafficking protein-like 1)	SEC22B SEC22L1	215
P34741	SDC2_HUMAN	Syndecan-2 (SYND2) (Fibroglycan) (Heparan sulfate proteoglycan core protein) (HSPG) (CD antigen CD362)	SDC2 HSPG1	201
O00560	SDCB1_HUMAN	Syntenin-1 (Melanoma differentiation-associated protein 9) (MDA-9) (Pro-TGF-alpha cytoplasmic domain-interacting protein 18) (TACIP18) (Scaffold protein Pbp1) (Syndecan-binding protein 1)	SDCBP MDA9 SYCL	298
Q9H190	SDCB2_HUMAN	Syntenin-2 (Syndecan-binding protein 2)	SDCBP2 SITAC18	292
Q12884	SEPR_HUMAN	Prolyl endopeptidase FAP (EC 3.4.21.26) (170 kDa melanoma membrane-bound gelatinase) (Dipeptidyl peptidase FAP) (EC 3.4.14.5) (Fibroblast activation protein alpha) (FAPalpha) (Gelatine degradation protease FAP) (EC 3.4.21.-) (Integral membrane serine prot	FAP	760
Q15047	SETB1_HUMAN	Histone-lysine N-methyltransferase SETDB1 (EC 2.1.1.43) (ERG-associated protein with SET domain) (ESET) (Histone H3-K9 methyltransferase 4) (H3-K9-HMTase 4) (Lysine N-methyltransferase 1E) (SET domain bifurcated 1)	SETDB1 KIAA0067 KMT1E	1291
Q01105	SET_HUMAN	Protein SET (HLA-DR-associated protein II) (Inhibitor of granzyme A-activated DNase) (IGAAD) (PHAPII) (Phosphatase 2A inhibitor I2PP2A) (I-2PP2A) (Template-activating factor I) (TAF-I)	SET	290
O43147	SGSM2_HUMAN	Small G protein signaling modulator 2 (RUN and TBC1 domain-containing protein 1)	SGSM2 KIAA0397 RUTBC1	1006
Q9NRF2	SH2B1_HUMAN	SH2B adapter protein 1 (Pro-rich, PH and SH2 domain-containing signaling mediator) (PSM) (SH2 domain-containing protein 1B)	SH2B1 KIAA1299 SH2B	756
P29353	SHC1_HUMAN	SHC-transforming protein 1 (SHC-transforming protein 3) (SHC-transforming protein A) (Src homology 2 domain-containing-transforming protein C1) (SH2 domain protein C1)	SHC1 SHC SHCA	583
O15357	SHIP2_HUMAN	Phosphatidylinositol 3,4,5-trisphosphate 5-phosphatase 2 (EC 3.1.3.86) (Inositol polyphosphate phosphatase-like protein 1) (INPPL-1) (Protein 51C) (SH2 domain-containing inositol 5'-phosphatase 2) (SH2 domain-containing inositol phosphatase 2) (SHIP-2)	INPPL1 SHIP2	1258
P12757	SKIL_HUMAN	Ski-like protein (Ski-related oncogene) (Ski-related protein)	SKIL SNO	684
P63208	SKP1_HUMAN	S-phase kinase-associated protein 1 (Cyclin-A/CDK2-associated protein p19) (p19A) (Organ of Corti protein 2) (OCP-2) (Organ of Corti protein II) (OCP-II) (RNA polymerase II elongation factor-like protein) (SIII) (Transcription elongation factor B polypept	SKP1 EMC19 OCP2 SKP1A TCEB1L	163
Q15797	SMAD1_HUMAN	Mothers against decapentaplegic homolog 1 (MAD homolog 1) (Mothers against DPP homolog 1) (JV4-1) (Mad-related protein 1) (SMAD family member 1) (SMAD 1) (Smad1) (hSMAD1) (Transforming growth factor-beta-signaling protein 1) (BSP-1)	SMAD1 BSP1 MADH1 MADR1	465
Q15796	SMAD2_HUMAN	Mothers against decapentaplegic homolog 2 (MAD homolog 2) (Mothers against DPP homolog 2) (JV18-1) (Mad-related protein 2) (hMAD-2) (SMAD family member 2) (SMAD 2) (Smad2) (hSMAD2)	SMAD2 MADH2 MADR2	467
P84022	SMAD3_HUMAN	Mothers against decapentaplegic homolog 3 (MAD homolog 3) (Mad3) (Mothers against DPP homolog 3) (hMAD-3) (JV15-2) (SMAD family member 3) (SMAD 3) (Smad3) (hSMAD3)	SMAD3 MADH3	425
Q13485	SMAD4_HUMAN	Mothers against decapentaplegic homolog 4 (MAD homolog 4) (Mothers against DPP homolog 4) (Deletion target in pancreatic carcinoma 4) (SMAD family member 4) (SMAD 4) (Smad4) (hSMAD4)	SMAD4 DPC4 MADH4	552
Q9UQE7	SMC3_HUMAN	Structural maintenance of chromosomes protein 3 (SMC protein 3) (SMC-3) (Basement membrane-associated chondroitin proteoglycan) (Bamacan) (Chondroitin sulfate proteoglycan 6) (Chromosome-associated polypeptide) (hCAP)	SMC3 BAM BMH CSPG6 SMC3L1	1217
P62314	SMD1_HUMAN	Small nuclear ribonucleoprotein Sm D1 (Sm-D1) (Sm-D autoantigen) (snRNP core protein D1)	SNRPD1	119
P62316	SMD2_HUMAN	Small nuclear ribonucleoprotein Sm D2 (Sm-D2) (snRNP core protein D2)	SNRPD2 SNRPD1	118
P62318	SMD3_HUMAN	Small nuclear ribonucleoprotein Sm D3 (Sm-D3) (snRNP core protein D3)	SNRPD3	126
Q16637	SMN_HUMAN	Survival motor neuron protein (Component of gems 1) (Gemin-1)	SMN1 SMN SMNT; SMN2 SMNC	294
Q92925	SMRD2_HUMAN	SWI/SNF-related matrix-associated actin-dependent regulator of chromatin subfamily D member 2 (60 kDa BRG-1/Brm-associated factor subunit B) (BRG1-associated factor 60B) (BAF60B)	SMARCD2 BAF60B PRO2451	531
Q9HCE7	SMUF1_HUMAN	E3 ubiquitin-protein ligase SMURF1 (hSMURF1) (EC 6.3.2.-) (SMAD ubiquitination regulatory factor 1) (SMAD-specific E3 ubiquitin-protein ligase 1)	SMURF1 KIAA1625	757
Q9H7B4	SMYD3_HUMAN	Histone-lysine N-methyltransferase SMYD3 (EC 2.1.1.43) (SET and MYND domain-containing protein 3) (Zinc finger MYND domain-containing protein 1)	SMYD3 ZMYND1 ZNFN3A1	428
P60880	SNP25_HUMAN	Synaptosomal-associated protein 25 (SNAP-25) (Super protein) (SUP) (Synaptosomal-associated 25 kDa protein)	SNAP25 SNAP	206
O95721	SNP29_HUMAN	Synaptosomal-associated protein 29 (SNAP-29) (Soluble 29 kDa NSF attachment protein) (Vesicle-membrane fusion protein SNAP-29)	SNAP29	258
O14543	SOCS3_HUMAN	Suppressor of cytokine signaling 3 (SOCS-3) (Cytokine-inducible SH2 protein 3) (CIS-3) (STAT-induced STAT inhibitor 3) (SSI-3)	SOCS3 CIS3 SSI3	225
P08047	SP1_HUMAN	Transcription factor Sp1	SP1 TSFP1	785
O75940	SPF30_HUMAN	Survival of motor neuron-related-splicing factor 30 (30 kDa splicing factor SMNrp) (SMN-related protein) (Survival motor neuron domain-containing protein 1)	SMNDC1 SMNR SPF30	238
P11277	SPTB1_HUMAN	Spectrin beta chain, erythrocytic (Beta-I spectrin)	SPTB SPTB1	2137
Q13813	SPTN1_HUMAN	Spectrin alpha chain, non-erythrocytic 1 (Alpha-II spectrin) (Fodrin alpha chain) (Spectrin, non-erythroid alpha subunit)	SPTAN1 NEAS SPTA2	2472
O43597	SPY2_HUMAN	Protein sprouty homolog 2 (Spry-2)	SPRY2	315
Q13501	SQSTM_HUMAN	Sequestosome-1 (EBI3-associated protein of 60 kDa) (EBIAP) (p60) (Phosphotyrosine-independent ligand for the Lck SH2 domain of 62 kDa) (Ubiquitin-binding protein p62)	SQSTM1 ORCA OSIL	440
Q12772	SRBP2_HUMAN	Sterol regulatory element-binding protein 2 (SREBP-2) (Class D basic helix-loop-helix protein 2) (bHLHd2) (Sterol regulatory element-binding transcription factor 2) [Cleaved into: Processed sterol regulatory element-binding protein 2]	SREBF2 BHLHD2 SREBP2	1141
P12931	SRC_HUMAN	Proto-oncogene tyrosine-protein kinase Src (EC 2.7.10.2) (Proto-oncogene c-Src) (pp60c-src) (p60-Src)	SRC SRC1	536
Q96SB4	SRPK1_HUMAN	SRSF protein kinase 1 (EC 2.7.11.1) (SFRS protein kinase 1) (Serine/arginine-rich protein-specific kinase 1) (SR-protein-specific kinase 1)	SRPK1	655
Q13243	SRSF5_HUMAN	Serine/arginine-rich splicing factor 5 (Delayed-early protein HRS) (Pre-mRNA-splicing factor SRP40) (Splicing factor, arginine/serine-rich 5)	SRSF5 HRS SFRS5 SRP40	272
P51692	STA5B_HUMAN	Signal transducer and activator of transcription 5B	STAT5B	787
P42224	STAT1_HUMAN	Signal transducer and activator of transcription 1-alpha/beta (Transcription factor ISGF-3 components p91/p84)	STAT1	750
P40763	STAT3_HUMAN	Signal transducer and activator of transcription 3 (Acute-phase response factor)	STAT3 APRF	770
Q9Y6E0	STK24_HUMAN	Serine/threonine-protein kinase 24 (EC 2.7.11.1) (Mammalian STE20-like protein kinase 3) (MST-3) (STE20-like kinase MST3) [Cleaved into: Serine/threonine-protein kinase 24 36 kDa subunit (Mammalian STE20-like protein kinase 3 N-terminal) (MST3/N); Serine/	STK24 MST3 STK3	443
Q05952	STP2_HUMAN	Nuclear transition protein 2 (TP-2) (TP2)	TNP2	138
Q86Y82	STX12_HUMAN	Syntaxin-12	STX12	276
Q12846	STX4_HUMAN	Syntaxin-4 (Renal carcinoma antigen NY-REN-31)	STX4 STX4A	297
O43752	STX6_HUMAN	Syntaxin-6	STX6	255
P63165	SUMO1_HUMAN	Small ubiquitin-related modifier 1 (SUMO-1) (GAP-modifying protein 1) (GMP1) (SMT3 homolog 3) (Sentrin) (Ubiquitin-homology domain protein PIC1) (Ubiquitin-like protein SMT3C) (Smt3C) (Ubiquitin-like protein UBL1)	SUMO1 SMT3C SMT3H3 UBL1 OK/SW-cl.43	101
O95425	SVIL_HUMAN	Supervillin (Archvillin) (p205/p250)	SVIL	2214
Q8N205	SYNE4_HUMAN	Nesprin-4 (Nuclear envelope spectrin repeat protein 4)	SYNE4 C19orf46	404
P47897	SYQ_HUMAN	Glutamine--tRNA ligase (EC 6.1.1.18) (Glutaminyl-tRNA synthetase) (GlnRS)	QARS	775
P21579	SYT1_HUMAN	Synaptotagmin-1 (Synaptotagmin I) (SytI) (p65)	SYT1 SVP65 SYT	422
P37840	SYUA_HUMAN	Alpha-synuclein (Non-A beta component of AD amyloid) (Non-A4 component of amyloid precursor) (NACP)	SNCA NACP PARK1	140
Q15750	TAB1_HUMAN	TGF-beta-activated kinase 1 and MAP3K7-binding protein 1 (Mitogen-activated protein kinase kinase kinase 7-interacting protein 1) (TGF-beta-activated kinase 1-binding protein 1) (TAK1-binding protein 1)	TAB1 MAP3K7IP1	504
O75478	TAD2A_HUMAN	Transcriptional adapter 2-alpha (Transcriptional adapter 2-like) (ADA2-like protein)	TADA2A TADA2L KL04P	443
P20226	TBP_HUMAN	TATA-box-binding protein (TATA sequence-binding protein) (TATA-binding factor) (TATA-box factor) (Transcription initiation factor TFIID TBP subunit)	TBP GTF2D1 TF2D TFIID	339
P42680	TEC_HUMAN	Tyrosine-protein kinase Tec (EC 2.7.10.2)	TEC PSCTK4	631
Q9UGI8	TES_HUMAN	Testin (TESS)	TES	421
Q04206	TF65_HUMAN	Transcription factor p65 (Nuclear factor NF-kappa-B p65 subunit) (Nuclear factor of kappa light polypeptide gene enhancer in B-cells 3)	RELA NFKB3	551
Q92734	TFG_HUMAN	Protein TFG (TRK-fused gene protein)	TFG	400
P36897	TGFR1_HUMAN	TGF-beta receptor type-1 (TGFR-1) (EC 2.7.11.30) (Activin A receptor type II-like protein kinase of 53kD) (Activin receptor-like kinase 5) (ALK-5) (ALK5) (Serine/threonine-protein kinase receptor R4) (SKR4) (TGF-beta type I receptor) (Transforming growth 	TGFBR1 ALK5 SKR4	503
P58753	TIRAP_HUMAN	Toll/interleukin-1 receptor domain-containing adapter protein (TIR domain-containing adapter protein) (Adaptor protein Wyatt) (MyD88 adapter-like protein) (MyD88-2)	TIRAP MAL	221
Q04724	TLE1_HUMAN	Transducin-like enhancer protein 1 (E(Sp1) homolog) (Enhancer of split groucho-like protein 1) (ESG1)	TLE1	770
Q04725	TLE2_HUMAN	Transducin-like enhancer protein 2 (Enhancer of split groucho-like protein 2) (ESG2)	TLE2	743
Q9BXR5	TLR10_HUMAN	Toll-like receptor 10 (CD antigen CD290)	TLR10 UNQ315/PRO358	811
P01375	TNFA_HUMAN	Tumor necrosis factor (Cachectin) (TNF-alpha) (Tumor necrosis factor ligand superfamily member 2) (TNF-a) [Cleaved into: Tumor necrosis factor, membrane form (N-terminal fragment) (NTF); Intracellular domain 1 (ICD1); Intracellular domain 2 (ICD2); C-doma	TNF TNFA TNFSF2	233
P48023	TNFL6_HUMAN	Tumor necrosis factor ligand superfamily member 6 (Apoptosis antigen ligand) (APTL) (CD95 ligand) (CD95-L) (Fas antigen ligand) (Fas ligand) (FasL) (CD antigen CD178) [Cleaved into: Tumor necrosis factor ligand superfamily member 6, membrane form; Tumor n	FASLG APT1LG1 CD95L FASL TNFSF6	281
P63316	TNNC1_HUMAN	Troponin C, slow skeletal and cardiac muscles (TN-C)	TNNC1 TNNC	161
P08138	TNR16_HUMAN	Tumor necrosis factor receptor superfamily member 16 (Gp80-LNGFR) (Low affinity neurotrophin receptor p75NTR) (Low-affinity nerve growth factor receptor) (NGF receptor) (p75 ICD) (CD antigen CD271)	NGFR TNFRSF16	427
P19438	TNR1A_HUMAN	Tumor necrosis factor receptor superfamily member 1A (Tumor necrosis factor receptor 1) (TNF-R1) (Tumor necrosis factor receptor type I) (TNF-RI) (TNFR-I) (p55) (p60) (CD antigen CD120a) [Cleaved into: Tumor necrosis factor receptor superfamily member 1A,	TNFRSF1A TNFAR TNFR1	455
P20333	TNR1B_HUMAN	Tumor necrosis factor receptor superfamily member 1B (Tumor necrosis factor receptor 2) (TNF-R2) (Tumor necrosis factor receptor type II) (TNF-RII) (TNFR-II) (p75) (p80 TNF-alpha receptor) (CD antigen CD120b) (Etanercept) [Cleaved into: Tumor necrosis fac	TNFRSF1B TNFBR TNFR2	461
Q9H0E2	TOLIP_HUMAN	Toll-interacting protein	TOLLIP	274
O94842	TOX4_HUMAN	TOX high mobility group box family member 4 (Epidermal Langerhans cell protein LCP1)	TOX4 C14orf92 KIAA0737	621
Q96RJ3	TR13C_HUMAN	Tumor necrosis factor receptor superfamily member 13C (B-cell-activating factor receptor) (BAFF receptor) (BAFF-R) (BLyS receptor 3) (CD antigen CD268)	TNFRSF13C BAFFR BR3	184
Q15628	TRADD_HUMAN	Tumor necrosis factor receptor type 1-associated DEATH domain protein (TNFR1-associated DEATH domain protein) (TNFRSF1A-associated via death domain)	TRADD	312
Q13077	TRAF1_HUMAN	TNF receptor-associated factor 1 (Epstein-Barr virus-induced protein 6)	TRAF1 EBI6	416
Q12933	TRAF2_HUMAN	TNF receptor-associated factor 2 (EC 6.3.2.-) (E3 ubiquitin-protein ligase TRAF2) (Tumor necrosis factor type 2 receptor-associated protein 3)	TRAF2 TRAP3	501
Q9Y4K3	TRAF6_HUMAN	TNF receptor-associated factor 6 (EC 6.3.2.-) (E3 ubiquitin-protein ligase TRAF6) (Interleukin-1 signal transducer) (RING finger protein 85)	TRAF6 RNF85	522
Q12931	TRAP1_HUMAN	Heat shock protein 75 kDa, mitochondrial (HSP 75) (TNFR-associated protein 1) (Tumor necrosis factor type 1 receptor-associated protein) (TRAP-1)	TRAP1 HSP75	704
P36406	TRI23_HUMAN	E3 ubiquitin-protein ligase TRIM23 (EC 6.3.2.-) (ADP-ribosylation factor domain-containing protein 1) (GTP-binding protein ARD-1) (RING finger protein 46) (Tripartite motif-containing protein 23)	TRIM23 ARD1 ARFD1 RNF46	574
P14373	TRI27_HUMAN	Zinc finger protein RFP (EC 6.3.2.-) (RING finger protein 76) (Ret finger protein) (Tripartite motif-containing protein 27)	TRIM27 RFP RNF76	513
O94972	TRI37_HUMAN	E3 ubiquitin-protein ligase TRIM37 (EC 6.3.2.-) (Mulibrey nanism protein) (Tripartite motif-containing protein 37)	TRIM37 KIAA0898 MUL POB1	964
Q15654	TRIP6_HUMAN	Thyroid receptor-interacting protein 6 (TR-interacting protein 6) (TRIP-6) (Opa-interacting protein 1) (OIP-1) (Zyxin-related protein 1) (ZRP-1)	TRIP6 OIP1	476
Q99816	TS101_HUMAN	Tumor susceptibility gene 101 protein (ESCRT-I complex subunit TSG101)	TSG101	390
Q92574	TSC1_HUMAN	Hamartin (Tuberous sclerosis 1 protein)	TSC1 KIAA0243 TSC	1164
P49815	TSC2_HUMAN	Tuberin (Tuberous sclerosis 2 protein)	TSC2 TSC4	1807
P02766	TTHY_HUMAN	Transthyretin (ATTR) (Prealbumin) (TBPA)	TTR PALB	147
Q6PKC3	TXD11_HUMAN	Thioredoxin domain-containing protein 11 (EF-hand-binding protein 1)	TXNDC11 EFP1	985
Q13432	U119A_HUMAN	Protein unc-119 homolog A (Retinal protein 4) (hRG4)	UNC119 RG4	240
P22314	UBA1_HUMAN	Ubiquitin-like modifier-activating enzyme 1 (Protein A1S9) (Ubiquitin-activating enzyme E1)	UBA1 A1S9T UBE1	1058
P63279	UBC9_HUMAN	SUMO-conjugating enzyme UBC9 (EC 6.3.2.-) (SUMO-protein ligase) (Ubiquitin carrier protein 9) (Ubiquitin carrier protein I) (Ubiquitin-conjugating enzyme E2 I) (Ubiquitin-protein ligase I) (p18)	UBE2I UBC9 UBCE9	158
P0CG48	UBC_HUMAN	Polyubiquitin-C [Cleaved into: Ubiquitin]	UBC	685
P61088	UBE2N_HUMAN	Ubiquitin-conjugating enzyme E2 N (EC 6.3.2.19) (Bendless-like ubiquitin-conjugating enzyme) (Ubc13) (UbcH13) (Ubiquitin carrier protein N) (Ubiquitin-protein ligase N)	UBE2N BLU	152
Q96B02	UBE2W_HUMAN	Ubiquitin-conjugating enzyme E2 W (EC 6.3.2.19) (N-terminus-conjugating E2) (Ubiquitin carrier protein W) (Ubiquitin-conjugating enzyme 16) (UBC-16) (Ubiquitin-protein ligase W)	UBE2W UBC16	151
Q05086	UBE3A_HUMAN	Ubiquitin-protein ligase E3A (EC 6.3.2.-) (E6AP ubiquitin-protein ligase) (Human papillomavirus E6-associated protein) (Oncogenic protein-associated protein E6-AP) (Renal carcinoma antigen NY-REN-54)	UBE3A E6AP EPVE6AP HPVE6A	875
P17480	UBF1_HUMAN	Nucleolar transcription factor 1 (Autoantigen NOR-90) (Upstream-binding factor 1) (UBF-1)	UBTF UBF UBF1	764
Q92995	UBP13_HUMAN	Ubiquitin carboxyl-terminal hydrolase 13 (EC 3.4.19.12) (Deubiquitinating enzyme 13) (Isopeptidase T-3) (ISOT-3) (Ubiquitin thioesterase 13) (Ubiquitin-specific-processing protease 13)	USP13 ISOT3	863
Q9UMX0	UBQL1_HUMAN	Ubiquilin-1 (Protein linking IAP with cytoskeleton 1) (PLIC-1) (hPLIC-1)	UBQLN1 DA41 PLIC1	589
Q9NRR5	UBQL4_HUMAN	Ubiquilin-4 (Ataxin-1 interacting ubiquitin-like protein) (A1Up) (Ataxin-1 ubiquitin-like-interacting protein A1U) (Connexin43-interacting protein of 75 kDa) (CIP75)	UBQLN4 C1orf6 CIP75 UBIN	601
Q8N6Y0	USBP1_HUMAN	Usher syndrome type-1C protein-binding protein 1 (USH1C-binding protein 1) (AIE-75-binding protein) (MCC-2) (Mutated in colon cancer protein 2)	USHBP1 AIEBP MCC2	703
O60763	USO1_HUMAN	General vesicular transport factor p115 (Protein USO1 homolog) (Transcytosis-associated protein) (TAP) (Vesicle-docking protein)	USO1 VDP	962
P46939	UTRO_HUMAN	Utrophin (Dystrophin-related protein 1) (DRP-1)	UTRN DMDL DRP1	3433
P63027	VAMP2_HUMAN	Vesicle-associated membrane protein 2 (VAMP-2) (Synaptobrevin-2)	VAMP2 SYB2	116
P51809	VAMP7_HUMAN	Vesicle-associated membrane protein 7 (VAMP-7) (Synaptobrevin-like protein 1) (Tetanus-insensitive VAMP) (Ti-VAMP)	VAMP7 SYBL1	220
Q9P0L0	VAPA_HUMAN	Vesicle-associated membrane protein-associated protein A (VAMP-A) (VAMP-associated protein A) (VAP-A) (33 kDa VAMP-associated protein) (VAP-33)	VAPA VAP33	249
O95292	VAPB_HUMAN	Vesicle-associated membrane protein-associated protein B/C (VAMP-B/VAMP-C) (VAMP-associated protein B/C) (VAP-B/VAP-C)	VAPB UNQ484/PRO983	243
P50552	VASP_HUMAN	Vasodilator-stimulated phosphoprotein (VASP)	VASP	380
P52735	VAV2_HUMAN	Guanine nucleotide exchange factor VAV2 (VAV-2)	VAV2	878
P15498	VAV_HUMAN	Proto-oncogene vav	VAV1 VAV	845
A5D8V6	VP37C_HUMAN	Vacuolar protein sorting-associated protein 37C (hVps37C) (ESCRT-I complex subunit VPS37C)	VPS37C PML39	355
Q9UN37	VPS4A_HUMAN	Vacuolar protein sorting-associated protein 4A (EC 3.6.4.6) (Protein SKD2) (VPS4-1) (hVPS4)	VPS4A VPS4	437
O75351	VPS4B_HUMAN	Vacuolar protein sorting-associated protein 4B (EC 3.6.4.6) (Cell migration-inducing gene 1 protein) (Suppressor of K(+) transport growth defect 1) (Protein SKD1)	VPS4B SKD1 VPS42 MIG1	444
P04004	VTNC_HUMAN	Vitronectin (VN) (S-protein) (Serum-spreading factor) (V75) [Cleaved into: Vitronectin V65 subunit; Vitronectin V10 subunit; Somatomedin-B]	VTN	478
O00401	WASL_HUMAN	Neural Wiskott-Aldrich syndrome protein (N-WASP)	WASL	505
P42768	WASP_HUMAN	Wiskott-Aldrich syndrome protein (WASp)	WAS IMD2	502
O75554	WBP4_HUMAN	WW domain-binding protein 4 (WBP-4) (Formin-binding protein 21) (WW domain-containing-binding protein 4)	WBP4 FBP21 FNBP21	376
O43516	WIPF1_HUMAN	WAS/WASL-interacting protein family member 1 (Protein PRPL-2) (Wiskott-Aldrich syndrome protein-interacting protein) (WASP-interacting protein)	WIPF1 WASPIP WIP	503
Q9H4A3	WNK1_HUMAN	Serine/threonine-protein kinase WNK1 (EC 2.7.11.1) (Erythrocyte 65 kDa protein) (p65) (Kinase deficient protein) (Protein kinase lysine-deficient 1) (Protein kinase with no lysine 1) (hWNK1)	WNK1 HSN2 KDP KIAA0344 PRKWNK1	2382
O14980	XPO1_HUMAN	Exportin-1 (Exp1) (Chromosome region maintenance 1 protein homolog)	XPO1 CRM1	1071
P12956	XRCC6_HUMAN	X-ray repair cross-complementing protein 6 (EC 3.6.4.-) (EC 4.2.99.-) (5'-deoxyribose-5-phosphate lyase Ku70) (5'-dRP lyase Ku70) (70 kDa subunit of Ku antigen) (ATP-dependent DNA helicase 2 subunit 1) (ATP-dependent DNA helicase II 70 kDa subunit) (CTC b	XRCC6 G22P1	609
P07947	YES_HUMAN	Tyrosine-protein kinase Yes (EC 2.7.10.2) (Proto-oncogene c-Yes) (p61-Yes)	YES1 YES	543
Q401N2	ZACN_HUMAN	Zinc-activated ligand-gated ion channel (Ligand-gated ion channel zinc-activated 1) (Ligand-gated ion-channel receptor L2)	ZACN L2 LGICZ LGICZ1 ZAC	412
Q05516	ZBT16_HUMAN	Zinc finger and BTB domain-containing protein 16 (Promyelocytic leukemia zinc finger protein) (Zinc finger protein 145) (Zinc finger protein PLZF)	ZBTB16 PLZF ZNF145	673
O95405	ZFYV9_HUMAN	Zinc finger FYVE domain-containing protein 9 (Mothers against decapentaplegic homolog-interacting protein) (Madh-interacting protein) (Novel serine protease) (NSP) (Receptor activation anchor) (hSARA) (Smad anchor for receptor activation)	ZFYVE9 MADHIP SARA SMADIP	1425
Q9UKY1	ZHX1_HUMAN	Zinc fingers and homeoboxes protein 1	ZHX1	873
Q9Y6X8	ZHX2_HUMAN	Zinc fingers and homeoboxes protein 2 (Alpha-fetoprotein regulator 1) (AFP regulator 1) (Regulator of AFP) (Zinc finger and homeodomain protein 2)	ZHX2 AFR1 KIAA0854 RAF	837
O75800	ZMY10_HUMAN	Zinc finger MYND domain-containing protein 10 (Protein BLu)	ZMYND10 BLU LUCA12.4	440
Q96E35	ZMY19_HUMAN	Zinc finger MYND domain-containing protein 19 (Melanin-concentrating hormone receptor 1-interacting zinc finger protein) (MCH-R1-interacting zinc finger protein)	ZMYND19 MIZIP	227
P17028	ZNF24_HUMAN	Zinc finger protein 24 (Retinoic acid suppression protein A) (RSG-A) (Zinc finger and SCAN domain-containing protein 3) (Zinc finger protein 191) (Zinc finger protein KOX17)	ZNF24 KOX17 ZNF191 ZSCAN3	368
Q07157	ZO1_HUMAN	Tight junction protein ZO-1 (Tight junction protein 1) (Zona occludens protein 1) (Zonula occludens protein 1)	TJP1 ZO1	1748
